InterZone,Name,TotPop2011,ResPop2011,HHCnt2011,Easting,Northing
S02001236,Culter,"4845","4733","2143","383855","801018"
S02001237,"Cults, Bieldside and Milltimber West","4007","3751","1428","386152","801879"
S02001238,"Cults, Bieldside and Milltimber East","6112","5850","2291","388518","802839"
S02001239,Garthdee,"5229","5152","2439","391978","803525"
S02001240,"Braeside, Mannofield, Broomhill and Seafield East","4419","4358","2193","392903","804730"
S02001241,"Braeside, Mannofield, Broomhill and Seafield South","3831","3797","1754","391809","804054"
S02001242,"Braeside, Mannofield, Broomhill and Seafield North","4564","4508","2214","391060","804916"
S02001243,Hazlehead,"4946","4908","2318","389774","805832"
S02001244,Summerhill,"3911","3820","1848","390387","806491"
S02001245,Midstocket,"4572","4507","2081","392013","806660"
S02001246,Rosemount,"5843","5685","3389","393237","806520"
S02001247,West End North,"3518","3488","1518","392067","805884"
S02001248,West End South,"6102","5989","3251","392592","805284"
S02001249,City Centre West,"4025","3949","2339","393342","806079"
S02001250,City Centre East,"2509","2436","1402","394237","806106"
S02001251,Ferryhill North,"4901","4773","2763","393773","805236"
S02001252,Ferryhill South,"4745","4673","2507","393320","804790"
S02001253,"Kincorth, Leggart and Nigg North","4094","4047","1860","393531","803375"
S02001254,"Kincorth, Leggart and Nigg South","4024","4024","1784","393717","802995"
S02001255,Cove South,"4069","4069","1674","394919","800761"
S02001256,Cove North,"3683","3623","1648","394999","801594"
S02001257,Torry West,"5686","5438","2863","394976","804877"
S02001258,Torry East,"4606","4577","2170","395612","804863"
S02001259,Hanover South,"3255","3208","1885","394730","806618"
S02001260,Hanover North,"4108","3523","2066","394525","807154"
S02001261,George Street,"7144","5963","3479","393861","806962"
S02001262,Ashgrove,"3705","3582","1944","392914","807576"
S02001263,"Froghall, Powis and Sunnybank","5432","5049","2443","393618","807808"
S02001264,Seaton,"4674","3597","2150","394579","808229"
S02001265,Old Aberdeen,"5021","2864","1510","394378","808726"
S02001266,Tillydrone,"4835","4835","2327","392969","809219"
S02001267,Woodside,"3989","3883","2046","392608","808774"
S02001268,Hilton,"5944","5923","2959","392402","808430"
S02001269,Stockethill,"5344","5344","2700","391675","807665"
S02001270,Mastrick,"4812","4812","2202","390289","807044"
S02001271,Sheddocksley,"4917","4909","2336","389614","807065"
S02001272,Cummings Park,"3532","3512","1457","391222","808013"
S02001273,Northfield,"5507","5479","2181","389962","808282"
S02001274,Heathryfold and Middlefield,"5272","5213","2116","390943","808846"
S02001275,Kingswells,"5304","5109","1919","386821","807707"
S02001276,Bucksburn South,"3299","3297","1672","389120","809412"
S02001277,Bucksburn North,"4540","4489","2108","388997","809924"
S02001278,Dyce,"5402","5307","2390","389006","813160"
S02001279,Danestone,"4055","3874","1767","391946","809987"
S02001280,Oldmachar West,"4343","4343","1891","392329","811523"
S02001281,Oldmachar East,"4902","4840","1878","393212","810993"
S02001282,Balgownie and Donmouth West,"3588","3588","1686","393463","810082"
S02001283,Balgownie and Donmouth East,"2715","2706","1237","394363","810138"
S02001284,Denmore,"2913","2839","1145","393894","811718"
S02001285,East Cairngorms,"3114","3002","1446","337101","796053"
S02001286,Aboyne and South Deeside,"4894","4834","2012","353566","798710"
S02001287,Mearns and Laurencekirk,"4188","4107","1701","371101","771301"
S02001288,Mearns South and Benholm,"3972","3967","1644","373881","764698"
S02001289,Mearns North and Inverbervie,"5365","5326","2182","382824","772623"
S02001290,"Fetteresso, Netherley and Catter","3343","3340","1279","386105","789346"
S02001291,Stonehaven South,"5544","5406","2389","386414","785887"
S02001292,Stonehaven North,"5887","5842","2451","386426","786491"
S02001293,Newtonhill,"2982","2982","1160","391196","793411"
S02001294,Portlethen,"4526","4467","1796","391506","796262"
S02001295,Banchory-Devenick and Findon,"4306","4246","1650","392342","797252"
S02001296,"Dunecht, Durris and Drumoak","4812","4802","1868","376583","803070"
S02001297,Banchory East,"4049","4045","1652","370615","796396"
S02001298,Banchory West,"3097","3053","1301","369852","796044"
S02001299,Crathes and Torphins,"4041","3919","1552","362546","801444"
S02001300,Cromar and Kildrummy,"4140","4058","1733","355616","811387"
S02001301,Howe of Alford,"5571","5560","2331","358276","815556"
S02001302,Kemnay,"3599","3559","1485","373359","816104"
S02001303,Inverurie North,"5501","5478","2451","376525","822229"
S02001304,Inverurie South,"5376","5283","2542","377518","820949"
S02001305,Durno-Chapel of Garioch,"4843","4829","1778","375590","822116"
S02001306,Kintore,"5723","5704","2180","378654","816184"
S02001307,Blackburn,"3271","3271","1252","382736","813006"
S02001308,Westhill North and South,"3931","3869","1446","383026","807440"
S02001309,Westhill Central,"4163","4163","1757","382712","807139"
S02001310,Garlogie and Elrick,"3772","3772","1395","381586","806964"
S02001311,Newmachar and Fintray,"4205","4205","1643","388960","819457"
S02001312,Balmedie and Potterton,"5259","5229","2030","396419","817761"
S02001313,Ellon East,"5849","5791","2453","395514","830457"
S02001314,Ellon West,"4419","4344","1848","394746","831211"
S02001315,Ythanside,"4307","4301","1693","399839","825568"
S02001316,Ythsie,"5693","5693","2310","389022","827755"
S02001317,Barrahill,"4896","4860","1875","380686","827426"
S02001318,Fyvie-Rothie,"3800","3786","1522","376722","838030"
S02001319,"Insch, Oyne and Ythanwells","4623","4558","1878","363356","828511"
S02001320,Clashindarroch,"4502","4497","1819","355335","829127"
S02001321,Huntly,"4438","4347","2123","352645","839696"
S02001322,Auchterless and Monquhitter,"2806","2778","1063","371604","850619"
S02001323,Turriff,"4841","4786","2229","372455","850181"
S02001324,"Portsoy, Fordyce and Cornhill","3293","3222","1420","358589","865999"
S02001325,Aberchirder and Whitehills,"3829","3829","1640","362034","854831"
S02001326,Banff,"4082","4003","1887","368370","863816"
S02001327,Macduff,"4009","3995","1794","370964","864156"
S02001328,Gardenstown and King Edward,"3209","3167","1331","380622","859529"
S02001329,New Pitsligo,"3073","3063","1294","388242","855783"
S02001330,Deer and Mormond,"4592","4562","1902","392110","847872"
S02001331,Mintlaw,"2721","2720","1199","399698","848152"
S02001332,Auchnagatt,"2892","2892","1153","391496","839139"
S02001333,Cruden,"4687","4653","2025","408939","836697"
S02001334,Peterhead Links,"4526","4375","1801","411770","845171"
S02001335,Peterhead Bay,"2620","2611","1306","412301","845799"
S02001336,Peterhead Harbour,"6432","6256","2952","412637","846509"
S02001337,Peterhead Ugieside,"4412","4367","1818","411290","846577"
S02001338,Longside and Rattray,"5864","5781","2239","409659","852069"
S02001339,Rosehearty and Strathbeg,"5984","5981","2486","396026","864441"
S02001340,Fraserburgh Smiddyhill,"4144","4042","1572","399070","865799"
S02001341,Fraserburgh Lochpots,"2577","2569","1095","398399","865981"
S02001342,Fraserburgh Central-Academy,"2708","2684","1274","399019","866476"
S02001343,Fraserburgh Harbour and Broadsea,"3671","3640","1607","399016","867025"
S02001344,South Angus,"5551","5551","2277","334847","734338"
S02001345,Monikie,"5864","5656","2065","349794","736077"
S02001346,Monifieth West,"2900","2900","1251","349016","732230"
S02001347,Monifieth East,"4819","4693","2199","349522","732815"
S02001348,Carnoustie West,"5199","5199","2345","355102","734339"
S02001349,Carnoustie East,"5524","5436","2379","356450","734631"
S02001350,Arbroath Landward,"2321","2239","965","361221","742722"
S02001351,Arbroath Kirkton,"5823","5697","2389","362504","741407"
S02001352,Arbroath Keptie,"3694","3591","1750","363456","741262"
S02001353,Arbroath Harbour,"4707","4626","2630","364117","740767"
S02001354,Arbroath Cliffburn,"4801","4801","2018","364886","741867"
S02001355,Arbroath Warddykes,"4938","4938","2176","364232","741972"
S02001356,Lunan,"2961","2918","1321","370451","755878"
S02001357,Montrose South,"5702","5583","2930","371492","757813"
S02001358,Montrose North,"4820","4792","2241","371387","758898"
S02001359,Hillside,"3535","3509","1441","370558","761220"
S02001360,Friockheim,"3509","3509","1462","359629","749810"
S02001361,Brechin East,"3595","3570","1721","360523","759748"
S02001362,Brechin West,"3886","3837","1821","359673","760498"
S02001363,Letham and Glamis,"5334","5328","2306","347458","749259"
S02001364,Forfar East,"4150","4081","1839","345807","751197"
S02001365,Forfar Central,"4755","4700","2302","346130","750619"
S02001366,Forfar West,"5050","4958","2252","345024","749826"
S02001367,Kirriemuir Landward,"2780","2778","1205","331634","750153"
S02001368,Kirriemuir,"6085","6014","2783","338569","754045"
S02001369,Angus Glens,"3675","3541","1548","347584","758209"
S02001370,"Mull, Iona, Coll and Tiree","3844","3709","1754","142964","751366"
S02001371,Oban South,"5830","5707","2597","185829","728804"
S02001372,Oban North,"2799","2661","1316","185964","730666"
S02001373,Benderloch Trail,"5260","5174","2251","191671","734894"
S02001374,Loch Awe,"2259","2166","996","184755","712791"
S02001375,Mid Argyll,"3146","3104","1426","183619","699415"
S02001376,Greater Lochgilphead,"3825","3769","1792","186332","687983"
S02001377,Knapdale,"2521","2507","1227","186363","668506"
S02001378,Whisky Isles,"3556","3522","1646","131284","659680"
S02001379,Kintyre Trail,"2971","2959","1327","166242","619710"
S02001380,Campbeltown,"4932","4857","2456","171895","620437"
S02001381,Bute,"2687","2646","1328","210334","665281"
S02001382,Rothesay Town,"3811","3777","2059","208624","664546"
S02001383,Cowal South,"2584","2566","1270","214075","669257"
S02001384,Cowal North,"3376","3266","1570","218721","688433"
S02001385,Hunter's Quay,"5249","5072","2402","217691","678090"
S02001386,Dunoon,"4711","4616","2265","217185","676739"
S02001387,Garelochhead,"5636","4721","2060","224489","684777"
S02001388,Helensburgh West and Rhu,"4342","4294","1894","228249","683097"
S02001389,Helensburgh North,"4487","4289","1667","230311","683249"
S02001390,Helensburgh Centre,"3153","3145","1771","230017","682266"
S02001391,Helensburgh East,"4155","4155","1758","230975","682197"
S02001392,Lomond Shore,"3032","3012","1293","234562","677923"
S02001393,Tullibody South,"4396","4349","1852","285581","694589"
S02001394,Tullibody North and Glenochil,"5410","4753","1923","286403","695330"
S02001395,Menstrie,"2804","2764","1208","285173","696661"
S02001396,Alva,"4773","4770","2244","288135","696834"
S02001397,"Fishcross, Devon Village and Coalsnaughton","2112","2076","946","291875","695997"
S02001398,Tillicoultry,"4835","4813","2307","291946","697108"
S02001399,Dollar and Muckhart,"3520","3443","1489","296376","697948"
S02001400,"Clackmannan, Kennet and Forestmill","4408","4402","1861","291258","691803"
S02001401,Sauchie,"5220","5127","2297","289778","694197"
S02001402,Alloa South and East,"4910","4897","2394","289096","692444"
S02001403,Alloa North,"5598","5598","2614","288122","693802"
S02001404,Alloa West,"3456","3447","1599","287635","693020"
S02001405,Stranraer West,"3670","3660","1746","205126","561013"
S02001406,Stranraer East,"2791","2781","1387","206484","560537"
S02001407,Stranraer South,"3606","3513","1538","205617","560029"
S02001408,Rhins North,"3825","3820","1734","207633","561174"
S02001409,Rhins South,"2127","2123","971","209634","549703"
S02001410,Machars North,"2676","2671","1230","219799","557392"
S02001411,Machars South,"5127","5109","2371","242003","544941"
S02001412,Newton Stewart,"5507","5412","2492","241096","565277"
S02001413,Gatehouse,"3465","3324","1529","266274","554343"
S02001414,Kirkcudbright,"5302","5263","2436","269185","552071"
S02001415,Castle Douglas,"4933","4833","2247","277017","562639"
S02001416,Dalbeattie,"4227","4172","2015","283591","560787"
S02001417,Dalbeattie Rural,"2431","2420","1078","281717","565634"
S02001418,Glenkens,"3664","3643","1685","265106","580186"
S02001419,Upper Nithsdale,"4810","4756","2130","277879","610029"
S02001420,Thornhill,"4154","4101","1866","287822","595691"
S02001421,Mid Nithsdale,"4525","4460","1864","296536","583349"
S02001422,Shawhead,"3083","2996","1234","295424","576845"
S02001423,Lochside and Lincluden,"5991","5956","2651","295608","577667"
S02001424,Summerville,"4923","4719","2204","296479","576479"
S02001425,Troqueer,"3531","3524","1682","296850","575382"
S02001426,New Abbey,"3545","3373","1505","295159","574411"
S02001427,Kingholm,"3246","3118","1391","297853","573594"
S02001428,Calside,"2950","2950","1267","299055","575055"
S02001429,Georgetown,"2888","2875","1280","299361","575651"
S02001430,Dumfries Central,"3393","3327","1849","297712","575786"
S02001431,Nunholm,"3436","3389","1584","298143","576529"
S02001432,Locharbriggs,"3022","3021","1370","299074","579990"
S02001433,Heathhall,"3009","3009","1267","299279","579066"
S02001434,Collin,"2776","2765","1189","302826","577039"
S02001435,Lochmaben,"3143","3132","1388","308182","582577"
S02001436,Lockerbie,"5011","4924","2267","313395","582018"
S02001437,Moffat,"3962","3913","1811","308917","605209"
S02001438,Langholm and Eskdale,"3914","3844","1826","336081","584622"
S02001439,Annandale East,"3970","3889","1668","323505","574451"
S02001440,Annandale West,"2613","2601","1131","318871","570219"
S02001441,Annan West,"3262","3252","1607","319163","566356"
S02001442,Annan East,"5658","5580","2363","320298","567020"
S02001443,Eastriggs,"2998","2995","1320","324443","566183"
S02001444,Gretna,"4160","4128","1807","331734","567178"
S02001445,Westend,"5863","5551","2573","337813","730155"
S02001446,Perth Road,"7417","4944","2500","339464","729982"
S02001447,Logie and Blackness,"5602","5546","3152","338689","730690"
S02001448,City Centre,"4781","4080","2131","340088","730804"
S02001449,Docks and Wellgate,"5126","4925","2663","340394","730716"
S02001450,Hilltown,"4852","4766","2871","339976","731534"
S02001451,The Glens,"4648","4643","2847","340415","732025"
S02001452,Stobswell,"5524","5429","3131","340993","731305"
S02001453,Baxter Park,"3224","3224","1390","341767","732057"
S02001454,Craigie and  Craigiebank,"4337","4301","2287","343057","731199"
S02001455,Douglas West,"4453","4426","2258","343818","732204"
S02001456,West Ferry,"3061","2929","1332","344237","731613"
S02001457,Douglas East,"2925","2925","1370","344702","732104"
S02001458,Broughty Ferry West,"4988","4888","2576","346022","730839"
S02001459,Broughty Ferry East,"3782","3782","1727","346592","731961"
S02001460,Barnhill,"4350","4325","2094","347540","732026"
S02001461,West Pitkerro,"6456","6309","2443","347109","732568"
S02001462,Whitfield,"6261","6261","2635","342938","733832"
S02001463,Fintry,"6047","6012","2480","341747","733511"
S02001464,Linlathen and Midcraigie,"5344","5161","2238","342531","732640"
S02001465,Caird Park,"3357","3357","1329","339874","733343"
S02001466,Kirkton,"4001","3941","1531","339448","733826"
S02001467,Downfield,"4940","4914","2148","338366","733917"
S02001468,Fairmuir,"3617","3592","1681","339044","732414"
S02001469,Law,"4793","4735","2827","339155","731585"
S02001470,Balgay,"3582","3582","1775","337497","730898"
S02001471,Menzieshill,"4585","4411","2312","335976","731313"
S02001472,Charleston,"4317","4317","2061","336097","731947"
S02001473,Lochee,"5504","5439","2747","337681","731707"
S02001474,Ardler and St Marys,"5917","5884","2738","337563","733627"
S02001475,Western Edge,"3614","3502","1346","335223","731222"
S02001476,Doon Valley South,"3322","3241","1468","248268","605707"
S02001477,Doon Valley North,"4123","4052","1777","241505","610596"
S02001478,Mauchline Rural,"5154","5147","2257","253001","625421"
S02001479,Drongan,"3205","3205","1363","244323","618379"
S02001480,Mauchline,"4099","4082","1786","250326","627115"
S02001481,Cumnock Rural,"4871","4809","2053","259113","620775"
S02001482,New Cumnock,"2860","2860","1347","261970","612936"
S02001483,Cumnock South and Craigens,"5072","5072","2233","257778","618959"
S02001484,Cumnock North,"3967","3911","1762","256879","620349"
S02001485,Auchinleck,"3819","3741","1650","255339","622320"
S02001486,Northern and Irvine Valley Rural,"5063","5001","1971","246351","643289"
S02001487,Stewarton East,"4238","4236","1813","242555","645874"
S02001488,Stewarton West,"2695","2695","1219","241543","645915"
S02001489,Darvel,"3770","3770","1722","256286","637589"
S02001490,Newmilns,"3053","3046","1470","253686","637290"
S02001491,Galston,"4670","4670","2139","249799","636404"
S02001492,Earlston and Hurlford Rural,"6058","5475","2411","245603","636537"
S02001493,Shortlees,"4583","4583","1926","242803","635604"
S02001494,Bellfield and Kirkstyle,"4338","4338","2041","243165","635926"
S02001495,Kilmarnock South Central and Caprington,"2981","2958","1561","242678","636018"
S02001496,Piersland,"3282","3281","1612","243458","637782"
S02001497,New Farm Loch South,"3039","3039","1383","244175","638138"
S02001498,Dean and New Farm Loch North,"3802","3802","1516","244274","639197"
S02001499,Southcraig and Beansburn,"5832","5816","2197","243550","640474"
S02001500,Altonhill North and Onthank,"4547","4432","1864","242596","640029"
S02001501,"Altonhill South, Longpark and Hillhead","4523","4519","2247","242769","638820"
S02001502,Bonnyton and Town Centre,"3648","3544","2016","241942","638194"
S02001503,"Grange, Howard and Gargieston","5584","5513","2267","241901","637289"
S02001504,"Crosshouse, Gatehead and Kilmaurs Rural","3736","3643","1592","239526","637930"
S02001505,Kilmaurs,"2833","2825","1256","241114","641407"
S02001506,West Clober and Mains Estate,"2896","2896","1067","253771","674661"
S02001507,East Clober and Mains Estate,"3487","3487","1419","254518","674995"
S02001508,Barloch,"3228","3225","1463","256000","674942"
S02001509,Keystone and Dougalston,"3954","3954","1863","255011","674141"
S02001510,Kilmardinny East,"2941","2941","1173","255271","672756"
S02001511,Kilmardinny West,"3518","3509","1477","254586","672732"
S02001512,North Castlehill and Thorn,"4149","4052","1544","252839","673456"
S02001513,South Castlehill and Thorn,"4196","4196","1608","253446","672528"
S02001514,Westerton West,"2724","2724","1125","253433","670825"
S02001515,Westerton East,"3612","3527","1439","254615","670710"
S02001516,Kessington West,"3252","3220","1341","255464","671395"
S02001517,Kessington East,"2845","2845","1112","255836","671395"
S02001518,Torrance and Balmore,"2917","2917","1110","261996","673920"
S02001519,Bishopbriggs North and Kenmure,"5299","5299","2121","261073","671547"
S02001520,Bishopbriggs West and Cadder,"5860","5836","2471","260622","670392"
S02001521,Auchinairn,"5059","4989","2208","261664","669824"
S02001522,Woodhill East,"2476","2476","892","262428","670087"
S02001523,Woodhill West,"4176","4174","1660","262377","670367"
S02001524,Lenzie North,"5336","5329","2123","264840","672531"
S02001525,Lenzie South,"3432","3432","1358","266175","671507"
S02001526,Kirkintilloch South,"3227","3215","1432","266079","673242"
S02001527,Kirkintilloch West,"4202","4128","1962","265085","673756"
S02001528,Hillhead,"4035","4024","1868","266444","674118"
S02001529,Rosebank and Waterside,"3169","3155","1268","267403","673687"
S02001530,Twechar and Harestanes East,"2842","2842","1213","267634","674638"
S02001531,Harestanes,"3409","3409","1573","266980","674340"
S02001532,Milton of Campsie,"4055","3958","1609","265042","676261"
S02001533,Lennoxtown,"4730","4672","1974","263018","677721"
S02001534,Wallyford/Whitecraig,"5839","4981","2071","336443","671870"
S02001535,Musselburgh South,"4560","4538","2045","333583","671732"
S02001536,Musselburgh West,"3079","3079","1270","333168","672333"
S02001537,Musselburgh North,"4844","4621","2549","333994","672933"
S02001538,Musselburgh East,"4454","4403","1995","335288","672430"
S02001539,Pinkie Braes,"2222","2176","908","336112","672584"
S02001540,Prestonpans West,"4957","4957","2186","338598","673930"
S02001541,Prestonpans East,"4183","4183","1841","339598","674269"
S02001542,Cockenzie,"5967","5945","2528","340825","675444"
S02001543,Tranent North,"6314","6231","2595","341050","672835"
S02001544,Tranent South,"5658","5657","2332","340261","672305"
S02001545,Ormiston,"2925","2925","1317","341065","669199"
S02001546,Longniddry and Aberlady,"5465","5459","2347","343683","676047"
S02001547,Haddington Rural,"5633","5557","2327","347612","667625"
S02001548,Haddington North,"4088","4032","1683","350597","674267"
S02001549,Haddington South,"4777","4747","2218","351714","673710"
S02001550,Gullane and Drem,"4166","4115","1867","348850","682707"
S02001551,North Berwick North,"3234","3084","1535","354643","685063"
S02001552,North Berwick South,"3687","3687","1539","355257","684801"
S02001553,East Linton and Rural,"4894","4864","2102","359101","677237"
S02001554,Dunbar West,"4146","4006","1730","367183","678603"
S02001555,Dunbar East,"4625","4572","1920","367896","678416"
S02001556,West Neilston and Uplawmoor,"6414","6414","2661","247495","657077"
S02001557,Cross Stobbs,"3642","3591","1492","249569","659893"
S02001558,"Dunterlie, East Arthurlie and Dovecothall","6000","5936","2927","250550","658955"
S02001559,West Arthurlie and North Neilston,"3946","3896","1745","249899","658440"
S02001560,Auchenback,"4061","4061","1710","250942","657985"
S02001561,Crookfur and Fruin,"5729","5613","2222","253516","656844"
S02001562,"Mearns Village, Westacres and Greenfarm","6250","6211","2296","252916","656195"
S02001563,Whitecraigs and Broom,"3659","3659","1392","254898","656086"
S02001564,Mearnskirk and South Kirkhill,"6034","5983","2464","254257","655601"
S02001565,Eaglesham and Waterfoot,"4647","4647","1970","257415","652222"
S02001566,North Kirkhill,"3130","3130","1339","255748","656104"
S02001567,Busby,"3531","3502","1638","257826","656297"
S02001568,Clarkston and Sheddens,"6198","6198","2332","256831","657096"
S02001569,Williamwood,"2958","2958","1102","256475","657575"
S02001570,Stamperland,"3691","3683","1460","257939","658040"
S02001571,Netherlee,"4640","4599","1891","257568","658915"
S02001572,Merrylee and Braidbar,"4876","4873","1998","257127","659339"
S02001573,Lower Whitecraigs and South Giffnock,"3440","3359","1248","256441","658283"
S02001574,North Giffnock and North Thornliebank,"3629","3576","1659","255784","659338"
S02001575,South Thornliebank and Woodfarm,"4099","4099","1679","255306","659238"
S02001576,Balerno and Bonnington Village,"5796","5771","2365","316116","666116"
S02001577,Currie West,"4782","3272","1386","317812","667813"
S02001578,Currie East,"3050","3050","1273","318655","668420"
S02001579,Baberton and Juniper Green,"3954","3918","1694","319584","669262"
S02001580,Bonaly and The Pentlands,"4295","4273","1767","321320","668240"
S02001581,Colinton and Kingsknowe,"4112","3743","1587","322169","668751"
S02001582,Clovenstone and Wester Hailes,"3223","3186","1418","320148","669587"
S02001583,The Calders,"4534","4534","2203","319181","670347"
S02001584,Murrayburn and Wester Hailes North,"3694","3694","1915","320373","670216"
S02001585,Parkhead and Sighthill,"3121","3121","1407","320249","670719"
S02001586,Broomhouse and Bankhead,"3555","3492","1383","320106","671208"
S02001587,Stenhouse and Saughton Mains,"5770","5726","3070","321242","671793"
S02001588,Longstone and Saughton,"4596","3957","1766","321250","670951"
S02001589,Slateford and Chesser,"4817","4817","2612","322645","671634"
S02001590,Gorgie West,"4272","4272","2609","322932","672304"
S02001591,Gorgie East,"3563","3555","2213","323597","672729"
S02001592,Shandon,"5042","4829","2517","323276","671844"
S02001593,Craiglockhart,"4843","4798","2074","322641","670581"
S02001594,Morningside and Craighouse,"4347","4290","2127","323836","670635"
S02001595,Greenbank and The Braids,"4291","4286","1757","323876","669787"
S02001596,Colinton Mains and Firrhill,"3938","3930","1907","323246","669270"
S02001597,Oxgangs,"2639","2639","1325","323525","668895"
S02001598,Comiston and Swanston,"5463","5451","2241","323953","668490"
S02001599,Fairmilehead,"4925","4925","1806","324921","668811"
S02001600,Gilmerton South and the Murrays,"2797","2793","1210","328774","668092"
S02001601,Mortonhall and Anwickhill,"2658","2643","1225","326943","668521"
S02001602,"Gracemount, Southhouse and Burdiehouse","5272","5244","2348","327534","668483"
S02001603,Hyvots and Gilmerton,"3593","3568","1580","328875","668602"
S02001604,Fernieside and Moredun South,"4120","4116","1801","329436","669311"
S02001605,Moredun and Craigour,"3168","3090","1495","328884","669616"
S02001606,Liberton East,"3274","3167","1335","328024","669334"
S02001607,Liberton West and Braid Hills,"3004","2714","1216","327238","669593"
S02001608,The Inch,"4895","4893","2305","327821","670277"
S02001609,"Blackford, West Mains and Mayfield Road","6240","5982","2665","326619","671290"
S02001610,Prestonfield,"3474","3386","1680","327560","671680"
S02001611,Newington and Dalkeith Road,"6070","4123","1853","326584","672398"
S02001612,The Grange,"5608","5410","2477","326243","671775"
S02001613,Marchmont East and Sciennes,"5277","4944","2236","325957","672335"
S02001614,Marchmont West,"5144","5059","1856","325258","672241"
S02001615,Morningside,"5575","5357","2522","324829","671189"
S02001616,Merchiston and Greenhill,"5018","4730","2186","324318","671916"
S02001617,Bruntsfield,"5758","5668","2618","324371","672313"
S02001618,Polwarth,"4468","4408","2512","323737","672388"
S02001619,Dalry and Fountainbridge,"6462","5878","3655","323944","672854"
S02001620,Tollcross,"6233","5502","2957","324934","673093"
S02001621,Meadows and Southside,"6556","5888","2653","326258","672722"
S02001622,"Old Town, Princes Street and Leith Street","5651","4508","2586","325891","673440"
S02001623,"Canongate, Southside and Dumbiedykes","5915","5125","2894","326328","673326"
S02001624,Abbeyhill,"2507","2410","1461","327127","674111"
S02001625,Meadowbank and Abbeyhill North,"4072","4014","2439","327594","674329"
S02001626,Willowbrae and Duddingston Village,"5407","5399","2540","328447","673804"
S02001627,Craigmillar,"3161","3135","1511","328642","671511"
S02001628,Niddrie,"4330","4261","1942","330051","671610"
S02001629,"Bingham, Magdalene and The Christians","3654","3535","1750","330649","672595"
S02001630,"Jewel, Brunstane and Newcraighall","3270","3270","1376","330866","672281"
S02001631,Joppa,"5136","4975","2175","331564","673116"
S02001632,Portobello,"3926","3919","1956","330507","673831"
S02001633,Duddingston and Portobello South,"3881","3849","1579","330102","673005"
S02001634,Mountcastle,"2549","2549","1142","329375","673802"
S02001635,Northfield and Piershill,"3512","3500","1817","329039","673638"
S02001636,Craigentinny,"2855","2854","1232","329456","674459"
S02001637,Restalrig (Loganlea) and Craigentinny West,"3476","3476","1980","328406","674636"
S02001638,Restalrig and Lochend,"4420","4364","2376","328203","675053"
S02001639,Leith (Hermitage and Prospect Bank),"4698","4652","2112","327570","675457"
S02001640,Western Harbour and Leith Docks,"2837","2789","1478","325871","677679"
S02001641,North Leith and Newhaven,"5065","4944","2808","326119","676799"
S02001642,The Shore and Constitution Street,"4929","4886","2829","327145","676440"
S02001643,Great Junction Street,"5025","4980","2750","326919","676120"
S02001644,South Leith,"5260","5244","2992","327040","675405"
S02001645,Easter Road and Hawkhill Avenue,"3423","3419","2057","327203","674824"
S02001646,Leith (Albert Street),"3185","3068","1855","326720","675164"
S02001647,Hillside and Calton Hill,"5164","5143","2795","326643","674597"
S02001648,Pilrig,"3243","3227","1789","326594","675529"
S02001649,Bonnington,"3414","3357","1780","325869","676115"
S02001650,Trinity East and The Dudleys,"3701","3635","1632","325821","676691"
S02001651,Trinity,"4461","4408","2080","324718","676272"
S02001652,"Inverleith, Goldenacre and Warriston","3687","3573","1802","324656","675931"
S02001653,Broughton North and Powderhall,"3726","3723","2198","325703","675325"
S02001654,Broughton South,"4210","4099","2053","326136","675018"
S02001655,New Town East and Gayfield,"3031","2996","1453","325882","674691"
S02001656,New Town West,"3569","3558","1934","325054","674450"
S02001657,Canonmills and New Town North,"3212","3206","1751","325282","674619"
S02001658,Stockbridge,"5686","5671","3276","324545","674546"
S02001659,Comely Bank,"3614","3169","1753","324046","674535"
S02001660,Deans Village,"6021","5899","3184","324025","673464"
S02001661,Balgreen and Roseburn,"4305","4274","2197","321844","672727"
S02001662,Murrayfield and Ravelston,"4215","3959","1688","322528","673742"
S02001663,"Craigleith, Orchard Brae and Crewe Toll","4227","4183","2060","322985","674845"
S02001664,Blackhall,"5674","5578","2367","321217","674803"
S02001665,Drylaw,"4618","4611","2126","322290","675122"
S02001666,West Pilton,"4623","4611","1997","322455","676031"
S02001667,Boswall and Pilton,"5104","5047","2229","323680","676408"
S02001668,Granton South and Wardieburn,"2912","2894","1529","323427","676822"
S02001669,Granton and Royston Mains,"3364","3364","1755","323114","676778"
S02001670,Granton West and Salvesen,"3788","3688","1594","321975","676422"
S02001671,Muirhouse,"4814","4814","2288","321340","675908"
S02001672,Silverknowes and Davidson's Mains,"4288","4288","1821","320690","675779"
S02001673,Cramond,"2492","2434","1023","318543","676287"
S02001674,"Barnton, Cammo and Cramond South","3770","3770","1574","318381","675093"
S02001675,Clermiston and Drumbrae,"5971","5925","2812","319416","674411"
S02001676,East Craigs North,"4106","4106","1901","318548","674324"
S02001677,East Craigs South,"4887","4887","2055","318721","673372"
S02001678,Corstorphine North,"3130","3130","1288","319854","673637"
S02001679,Corstorphine,"5372","5240","2411","319696","672825"
S02001680,Carrick Knowe,"2762","2762","1150","320738","672090"
S02001681,Corstorphine South,"4146","4146","1878","319887","671949"
S02001682,South Gyle,"4767","4650","2168","319070","672115"
S02001683,"Ratho, Ingliston and Gogar","3264","3264","1416","313991","670834"
S02001684,"Dalmeny, Kirkliston and Newbridge","5092","5064","2122","312387","674380"
S02001685,Queensferry East,"4754","4753","2044","313307","677900"
S02001686,Queensferry West,"4012","4011","1634","312091","678142"
S02001687,Barra and South Uist,"3161","3121","1441","74938","816510"
S02001688,Benbecula and North Uist,"2949","2928","1378","76989","855282"
S02001689,Harris,"1916","1867","911","115870","899923"
S02001690,South Lewis,"2583","2578","1217","133860","920017"
S02001691,Northwest Lewis,"4066","4056","1853","138560","954225"
S02001692,Broadbay,"3606","3603","1468","145646","936971"
S02001693,Stornoway West,"3276","3203","1594","142364","934225"
S02001694,Stornoway East,"2997","2839","1393","142865","933467"
S02001695,Point,"3130","3123","1321","151371","933192"
S02001696,Dunipace,"3266","3249","1475","280453","683560"
S02001697,"Fankerton, Stoneywood and Denny Town","4163","4142","1780","280975","682652"
S02001698,Denny - Nethermains,"4152","4152","1826","280713","681861"
S02001699,Head of Muir and Dennyloanhead,"3016","3016","1206","280930","680688"
S02001700,"Banknock, Haggs and Longcroft","3868","3796","1582","278471","679006"
S02001701,Bonnybridge,"4931","4846","2085","282224","680770"
S02001702,High Bonnybridge and Greenhill,"3415","3384","1358","282326","679330"
S02001703,Larbert - North Broomage and Inches,"5355","5286","2091","285967","683866"
S02001704,Larbert - South Broomage and Village,"3913","3796","1571","285909","682226"
S02001705,Stenhousemuir West,"3290","3254","1467","286658","682459"
S02001706,Stenhousemuir East,"3537","3537","1532","287617","683317"
S02001707,Stenhousemuir - Antonshill,"3399","3399","1449","287658","683990"
S02001708,Carron,"2759","2684","1134","288370","682850"
S02001709,Carronshore,"2771","2771","1136","289150","683206"
S02001710,Carse and Grangemouth Old Town,"3608","3547","1530","290162","687122"
S02001711,Falkirk - Bainsford and Langlees,"3653","3640","1753","288862","681962"
S02001712,Falkirk - Merchiston and New Carron Village,"4268","4181","1781","288255","681526"
S02001713,Falkirk - Grahamston,"3391","3347","1881","288986","680687"
S02001714,Falkirk - Middlefield,"4761","4754","2145","289581","680938"
S02001715,Falkirk - Town Centre and Callendar Park,"3575","3575","2160","288993","679544"
S02001716,Falkirk - Bantaskin,"3483","3393","1562","287655","679645"
S02001717,Falkirk - Camelon East,"3029","2950","1595","286919","680175"
S02001718,Falkirk - Camelon West,"2857","2857","1228","286257","680446"
S02001719,Falkirk - Tamfourhill,"2736","2721","1296","286858","679873"
S02001720,Falkirk - Lochgreen and Lionthorn,"3751","3743","1459","288194","678679"
S02001721,Hallglen and Glen Village,"3227","3227","1397","289243","678501"
S02001722,Shieldhill,"2594","2594","1047","289970","677052"
S02001723,Braes Villages,"4753","4734","1976","291077","672555"
S02001724,Reddingmuirhead and Overton,"2973","2476","923","292257","677974"
S02001725,Brightons and Wallacestone,"4115","4098","1681","292663","677947"
S02001726,Maddiston and Rumford,"4455","4420","1757","293477","676934"
S02001727,Polmont,"4128","4066","1876","293978","678296"
S02001728,Redding,"3361","3265","1374","292169","678661"
S02001729,Laurieston and Westquarter,"3256","3256","1510","291090","679206"
S02001730,Grangemouth - Newlands,"4920","4920","2350","292176","680480"
S02001731,Grangemouth - Town Centre,"3298","3286","1717","292821","681894"
S02001732,Grangemouth - Kersiebank,"4443","4420","2111","293492","680827"
S02001733,Grangemouth - Bowhouse,"3901","3884","1916","292805","680123"
S02001734,Bo'ness - Douglas,"4470","4455","1908","299229","680127"
S02001735,Bo'ness - Newtown,"3167","3167","1337","300061","680531"
S02001736,Bo'ness - Kinneil,"3093","3049","1538","299554","681433"
S02001737,"Blackness, Bo'ness - Carriden and Grahamsdyke","4889","4855","2232","301365","680835"
S02001738,Kincardine,"3001","2951","1358","293135","687412"
S02001739,Oakley Comrie and Blairhall,"4078","4078","1701","302344","689174"
S02001740,Saline and Gowkhall,"3178","3092","1301","303965","692207"
S02001741,Valleyfield Culross and Torryburn,"3604","3604","1645","300823","686758"
S02001742,Cairneyhill and Crombie,"2909","2909","1192","304487","686322"
S02001743,Crossford Charlestown and Limekilns,"4079","4079","1822","306897","686067"
S02001744,Dunfermline Milesmark and Wellwood,"3683","3683","1496","308419","688512"
S02001745,Dunfermline Baldridgeburn,"3434","3374","1875","308583","687912"
S02001746,Dunfermline Headwell,"4426","4356","2144","309693","688279"
S02001747,Dunfermline Central,"3197","3109","1647","309295","687160"
S02001748,Dunfermline Brucefield,"3241","3211","1453","309765","686559"
S02001749,Dunfermline Garvock Hill,"3125","3118","1336","310821","687466"
S02001750,Dunfermline Bellyeoman and Townhill,"5372","5239","2361","310923","688881"
S02001751,Dunfermline Duloch North and Lynebank,"3123","3068","1136","312205","687603"
S02001752,Dunfermline Touch and Woodmill,"2804","2801","1320","310895","687240"
S02001753,Dunfermline Abbeyview North,"3500","3500","1663","311259","686979"
S02001754,Dunfermline Abbeyview South,"2888","2888","1242","311673","686354"
S02001755,Dunfermline Duloch South,"3899","3899","1346","312510","686043"
S02001756,Dunfermline Masterton,"2125","2125","734","312258","685758"
S02001757,Dunfermline Pitcorthie East,"3813","3813","1490","311831","685826"
S02001758,Dunfermline Pitcorthie West,"2618","2618","1135","310408","685971"
S02001759,Rosyth North,"3018","3016","1326","310709","684113"
S02001760,Rosyth East,"3171","3161","1385","311863","684059"
S02001761,Rosyth Central,"3547","3540","1657","311470","683634"
S02001762,Rosyth South,"3844","3500","1298","311095","682988"
S02001763,North Queensferry and Inverkeithing West,"3307","3297","1568","312581","682603"
S02001764,Inverkeithing East,"3111","3105","1422","313595","683083"
S02001765,Dalgety Bay West and Hillend,"2739","2739","987","314792","683372"
S02001766,Dalgety Bay Central,"4452","4400","2006","315196","683054"
S02001767,Dalgety Bay East,"2683","2683","1108","316493","684046"
S02001768,Crossgates and Halbeath,"3171","3092","1352","314410","688871"
S02001769,Hill of Beath and Kingseat,"3265","3265","1430","315546","690686"
S02001770,Cowdenbeath South,"3107","3045","1425","315969","691147"
S02001771,Cowdenbeath North,"4396","4371","1966","316053","692359"
S02001772,Kelty West,"2738","2738","1162","313535","694310"
S02001773,Kelty East,"3646","3606","1699","314523","694262"
S02001774,Lochore and Crosshill,"2779","2701","1244","317874","696560"
S02001775,Ballingry,"2960","2950","1246","317688","697548"
S02001776,Cardenden,"5931","5877","2614","321785","694838"
S02001777,Lochgelly East,"4354","4324","1908","318881","693715"
S02001778,Lochgelly West and Lumphinnans,"3147","3094","1496","318385","693418"
S02001779,Aberdour and Auchtertool,"3052","2976","1395","319248","685721"
S02001780,Burntisland West,"3693","3650","1681","322715","686213"
S02001781,Burntisland East,"2690","2687","1209","323426","686572"
S02001782,Kinghorn,"2826","2782","1340","326861","686964"
S02001783,Kirkcaldy Linktown & Seafield,"4470","4457","2107","327578","690350"
S02001784,Kirkcaldy Central,"3244","3132","1678","327842","691295"
S02001785,Kirkcaldy Bennochy East,"3064","2942","1651","327753","692341"
S02001786,Kirkcaldy Bennochy West,"2930","2930","1327","327068","692147"
S02001787,Kirkcaldy Raith,"2665","2639","1128","326258","692032"
S02001788,Kirkcaldy Newliston and Redcraigs,"3199","3179","1430","325440","693442"
S02001789,Kirkcaldy Templehall West,"3007","2984","1409","326008","693186"
S02001790,Kirkcaldy Templehall East,"5027","5018","2181","326747","693452"
S02001791,Kirkcaldy Dunnikier,"3349","3349","1398","326824","694583"
S02001792,Kirkcaldy Chapel,"4863","4819","1950","326083","694239"
S02001793,Kirkcaldy Hayfield and Smeaton,"3721","3667","1597","328299","693348"
S02001794,Kirkcaldy Pathhead,"2963","2919","1606","329016","692796"
S02001795,Kirkcaldy Gallatown and Sinclairtown,"3854","3842","2033","329281","693769"
S02001796,Dysart,"3564","3475","1757","329833","693628"
S02001797,Wemyss,"2891","2856","1412","333498","696622"
S02001798,Thornton and Kinglassie,"3994","3972","1760","328643","697416"
S02001799,Leslie and Newcastle,"4184","4148","1931","324435","701676"
S02001800,Glenrothes Macedonia and Tanshall,"4256","4256","1912","325494","701230"
S02001801,Glenrothes South Parks,"2217","2189","1004","326762","700955"
S02001802,Glenrothes Caskieberran and Rimbleton,"4651","4647","2027","326152","700645"
S02001803,Glenrothes Auchmuty,"3489","3429","1572","327498","700645"
S02001804,Glenrothes Stenton and Finglassie,"3536","3499","1463","327954","698768"
S02001805,Glenrothes Pitteuchar,"5055","5021","2129","328019","699798"
S02001806,Glenrothes Woodside,"2731","2615","1162","329044","700544"
S02001807,Glenrothes Balgeddie and Town Park,"3706","3696","1480","326469","702393"
S02001808,Glenrothes Collydean,"2322","2322","1019","326732","702803"
S02001809,Glenrothes Cadham and Pitcoudie,"2198","2194","1029","327440","702132"
S02001810,Glenrothes Balfarg Pitcairn and Coul,"2952","2952","1250","328226","703064"
S02001811,Markinch and Star,"4034","3989","1789","329480","701989"
S02001812,Windygates and Coaltown,"3419","3412","1471","334237","700812"
S02001813,"Buckhaven, Denbeath and Muiredge","4979","4956","2465","335826","698626"
S02001814,Methil Methilhill,"4705","4682","1994","336077","700025"
S02001815,Methil West,"2523","2475","1262","336910","699605"
S02001816,Methil East,"3263","3232","1567","337116","700031"
S02001817,Leven East,"3083","3021","1649","338349","700938"
S02001818,Leven West,"3239","3202","1420","337255","701164"
S02001819,Leven North,"2682","2664","1188","337606","701978"
S02001820,Largo,"2818","2786","1329","341542","702986"
S02001821,Kennoway and Bonnybank,"5472","5414","2347","334997","702701"
S02001822,Kettle and Ladybank,"4187","4181","1808","330874","708331"
S02001823,Falkland and Freuchie,"2494","2472","1085","325779","707193"
S02001824,Auchtermuchty and Gateside,"4207","4176","1833","323768","711738"
S02001825,Newburgh,"2899","2875","1331","323590","718427"
S02001826,Cupar West and Springfield,"3899","3640","1546","336146","714236"
S02001827,Cupar Central,"3355","3355","1632","337104","714655"
S02001828,Cupar East,"4015","3940","1796","337826","714396"
S02001829,Dairsie Ceres and Dunino,"2850","2834","1267","340130","711619"
S02001830,Elie Colinsburgh and Largoward,"2196","2174","1027","347663","703463"
S02001831,St Monans and Pittenweem,"2843","2843","1383","354662","702675"
S02001832,Anstruther,"3831","3764","1734","356999","703798"
S02001833,Crail and Boarhills,"2450","2440","1231","361420","707961"
S02001834,St Andrews South East,"4008","3700","1704","350969","715802"
S02001835,St Andrews Central,"5188","4245","1865","350934","716492"
S02001836,St Andrews South West,"4169","4105","1805","349264","715482"
S02001837,St Andrews North and Strathkinness,"5279","2811","1271","349183","716070"
S02001838,Leuchars and Guardbridge,"3453","3087","1219","345513","721433"
S02001839,Balmullo and Gauldry,"3774","3774","1629","342614","721329"
S02001840,Tayport,"3815","3770","1734","345703","728712"
S02001841,Newport and Wormit,"4243","4159","1848","341827","727453"
S02001842,Darnley East,"5033","4970","2123","253987","659337"
S02001843,Darnley North,"2813","2716","1131","253271","659676"
S02001844,Darnley West,"4741","4642","1680","252411","659383"
S02001845,Nitshill,"5836","5764","2590","252858","660531"
S02001846,Crookston South,"3387","3342","1439","252851","661168"
S02001847,Crookston North,"3022","3018","1343","253360","661791"
S02001848,Pollok South and West,"5467","5467","2096","252239","661881"
S02001849,Pollok North and East,"6145","5999","2515","252879","662838"
S02001850,Cardonald South and East,"3512","3410","1673","253570","663542"
S02001851,Cardonald North,"4271","4256","2046","253191","664343"
S02001852,Cardonald West and Central,"5315","5270","2442","252456","663761"
S02001853,Penilee,"5309","5261","2300","251531","664792"
S02001854,Hillington,"3519","3519","1628","252573","664439"
S02001855,Drumoyne and Shieldhall,"6268","6191","3173","253938","665268"
S02001856,Govan and Linthouse,"4899","4822","2687","254808","665509"
S02001857,Craigton,"3303","3303","1770","254309","664221"
S02001858,Mosspark,"5240","5231","2337","254520","663047"
S02001859,Ibrox,"3061","2982","1607","255962","665326"
S02001860,Ibrox East and Cessnock,"2948","2839","1630","256186","664538"
S02001861,Kinning Park and Festival Park,"3742","3649","1901","257070","664692"
S02001862,Kingston West and Dumbreck,"3669","3665","1894","255891","663976"
S02001863,Pollokshields West,"4744","4697","1831","257167","663480"
S02001864,Pollokshields East,"4968","4939","1916","257880","663229"
S02001865,Govanhill West,"5429","5386","2736","258583","662726"
S02001866,Govanhill East and Aikenhead,"4081","4050","2110","259077","662627"
S02001867,Battlefield,"4990","4974","2642","258120","661477"
S02001868,Strathbungo,"5617","5520","2951","257906","662506"
S02001869,Maxwell Park,"5929","5834","2330","256558","662481"
S02001870,Shawlands West,"3573","3573","2123","257163","662184"
S02001871,Shawlands East,"3293","3293","1930","257327","661935"
S02001872,Langside,"4086","4027","2238","257535","661591"
S02001873,Pollokshaws,"4487","4473","2589","256618","661516"
S02001874,Carnwadric West,"4634","4634","2189","254552","660247"
S02001875,Carnwadric East,"3144","3144","1458","255497","660287"
S02001876,Newlands,"5387","5383","2197","256557","660699"
S02001877,Merrylee and Millbrae,"3435","3373","1436","257651","660524"
S02001878,Muirend and Old Cathcart,"4951","4951","2220","257905","659925"
S02001879,Carmunnock North,"2903","2903","1205","259136","659979"
S02001880,Carmunnock South,"3744","3710","1692","259116","658547"
S02001881,Glenwood South,"5159","5056","2487","260107","658777"
S02001882,Glenwood North,"4319","4231","1890","261298","659522"
S02001883,Castlemilk,"4905","4900","2341","259984","659732"
S02001884,Kingspark South,"4157","4157","1727","260063","660474"
S02001885,Kingspark North,"4368","4368","1774","259562","661140"
S02001886,Cathcart,"4798","4797","2780","258443","660861"
S02001887,Mount Florida,"4172","4147","2264","258725","661495"
S02001888,Toryglen and Oatlands,"5646","5645","2812","260106","661702"
S02001889,Gorbals and Hutchesontown,"5824","5794","3288","259444","663629"
S02001890,Laurieston and Tradeston,"5001","4449","2546","258527","664341"
S02001891,Calton and Gallowgate,"3987","3951","2403","260218","664691"
S02001892,Bridgeton,"3552","3515","1979","260657","663965"
S02001893,Dalmarnock,"2529","2525","1453","261070","663681"
S02001894,Parkhead West and Barrowfield,"5709","5492","2827","262364","663850"
S02001895,Parkhead East and Braidfauld North,"3166","3144","1649","263065","663873"
S02001896,Braidfauld,"5637","5570","2797","263753","663145"
S02001897,Shettleston South,"3887","3863","1664","264613","662967"
S02001898,Carmyle and Mount Vernon South,"2701","2635","1187","265186","661806"
S02001899,Mount Vernon North and Sandyhills,"3766","3760","1569","266165","663384"
S02001900,Baillieston West,"3842","3842","1762","267190","663419"
S02001901,Baillieston East,"5313","5251","2270","267871","663656"
S02001902,Garrowhill West,"4296","4292","1710","267219","664080"
S02001903,Garrowhill East and Swinton,"4298","4273","1627","268237","664406"
S02001904,Easterhouse East,"3183","3105","1488","268904","665690"
S02001905,Central Easterhouse,"2740","2740","1296","268010","665595"
S02001906,"Garthamlock, Auchinlea and Gartloch","3633","3633","1498","267111","666538"
S02001907,North Barlanark and Easterhouse South,"3405","3366","1449","266950","665434"
S02001908,Barlanark,"4904","4904","2212","266066","664871"
S02001909,Greenfield,"5228","5162","2536","264764","664564"
S02001910,Shettleston North,"4492","4492","2626","264808","664082"
S02001911,Tollcross,"3554","3554","1854","264089","664001"
S02001912,Old Shettleston and Parkhead North,"3573","3465","1735","263463","665057"
S02001913,Carntyne,"3419","3291","1710","263316","665776"
S02001914,"Cranhill, Lightburn and Queenslie South","6265","6126","2810","264269","665508"
S02001915,Craigend and Ruchazie,"5100","5052","2457","265183","666470"
S02001916,Riddrie and Hogganfield,"5861","5037","2353","263349","666091"
S02001917,Blackhill and Barmulloch East,"4421","4415","1981","263164","667236"
S02001918,Robroyston and Millerston,"6125","6023","2322","263549","668792"
S02001919,Balornock,"3585","3458","1408","262136","669048"
S02001920,Barmulloch,"2637","2637","1155","262121","667874"
S02001921,Petershill,"4307","4307","2101","261478","667529"
S02001922,Springburn,"4716","4577","2371","260869","668021"
S02001923,Springburn East and Cowlairs,"4273","4265","2242","260483","668477"
S02001924,Cowlairs and Port Dundas,"3609","3477","1904","259797","667399"
S02001925,Sighthill,"2320","2320","1119","260260","666502"
S02001926,"Roystonhill, Blochairn, and Provanmill","5773","5720","2944","260852","666115"
S02001927,Dennistoun North,"4030","3917","2194","261285","665645"
S02001928,Alexandra Parade,"2500","2461","1445","261605","665657"
S02001929,Carntyne West and Haghill,"5068","5068","2803","262140","665353"
S02001930,Dennistoun,"4195","4183","2227","261296","665131"
S02001931,Gallowgate North and Bellgrove,"4926","4132","2371","260882","664926"
S02001932,City Centre East,"9139","5800","3766","259625","665336"
S02001933,City Centre West,"4453","4208","2436","258607","666169"
S02001934,City Centre South,"2832","2796","1811","258498","665124"
S02001935,Anderston,"4420","4419","2464","257721","665622"
S02001936,Finnieston and Kelvinhaugh,"6985","5775","3100","256903","666035"
S02001937,Woodlands,"6449","6323","2914","257742","666481"
S02001938,Woodside,"3416","3334","1961","258112","666668"
S02001939,Firhill,"5667","5624","3088","257819","667183"
S02001940,Keppochhill,"4616","4287","2327","258435","667834"
S02001941,Ruchill,"6987","5757","3236","257256","668176"
S02001942,Possil Park,"5812","5694","2872","259347","668617"
S02001943,Milton West,"4190","4183","2018","259110","668929"
S02001944,Milton East,"3554","3516","1642","259769","669516"
S02001945,Summerston Central and West,"4093","4093","1848","257091","670168"
S02001946,Summerston North,"4031","3763","1802","256635","670039"
S02001947,Maryhill East,"3295","3295","1711","257470","669216"
S02001948,Maryhill West,"2742","2742","1425","256876","669223"
S02001949,Wyndford,"3619","3619","2261","256834","668381"
S02001950,Kelvindale,"6079","5371","2544","255835","668395"
S02001951,North Kelvin,"3795","3774","1863","257386","667428"
S02001952,Kelvingrove and University,"5946","5732","2669","256853","667062"
S02001953,Hillhead,"5715","5696","3315","255880","666698"
S02001954,Glasgow Harbour and Partick South,"4602","4594","2925","255121","666722"
S02001955,Partick,"3845","3830","2372","255271","666804"
S02001956,Partickhill and Hyndland,"5517","5479","2935","255678","667378"
S02001957,Dowanhill,"4338","4281","2176","256376","667537"
S02001958,Kelvinside and Jordanhill,"5577","5491","2391","254437","668184"
S02001959,Broomhill,"4348","4317","2224","254765","667238"
S02001960,Victoria Park,"2694","2684","1119","254391","667456"
S02001961,Whiteinch,"3405","3405","1988","253420","667210"
S02001962,Scotstoun North and East,"4321","4304","1915","253179","667977"
S02001963,Scotstoun South and West,"3718","3718","1857","252494","667904"
S02001964,Yoker South,"4571","4558","2344","251470","668537"
S02001965,Yoker North,"3030","2850","1153","251346","669515"
S02001966,Knightswood West,"2666","2666","1251","252069","669351"
S02001967,Knightswood East,"3977","3878","2008","252310","668676"
S02001968,Knightswood Park West,"3459","3459","1926","252662","669052"
S02001969,Knightswood Park East,"3692","3692","1793","253334","669042"
S02001970,Anniesland East,"4217","4171","2207","255162","668855"
S02001971,Anniesland West,"5995","5890","3097","254637","669245"
S02001972,Blairdardie East,"5683","5676","2818","253767","670105"
S02001973,Blairdardie West,"2926","2926","1199","252362","670219"
S02001974,Drumchapel South,"2623","2503","1096","252942","670737"
S02001975,Drumchapel North,"3686","3686","1650","252980","671333"
S02001976,Drumry East,"3287","3204","1481","251922","671401"
S02001977,Drumry West,"3464","3464","1480","251267","671163"
S02001978,Lochaber West,"4667","4595","2058","168220","767365"
S02001979,Fort William North,"4576","4523","1927","210757","776176"
S02001980,Fort William South,"5861","5739","2497","210641","773678"
S02001981,Lochaber East and North,"4883","4758","2138","218549","762090"
S02001982,Badenoch and Strathspey South,"3842","3754","1692","275774","800618"
S02001983,Badenoch and Strathspey Central,"5050","4807","2220","289931","814144"
S02001984,Badenoch and Strathspey North,"4696","4558","2039","303033","827574"
S02001985,Nairn Rural,"4251","4242","1763","291935","855446"
S02001986,Nairn East,"4184","4067","1919","288405","856596"
S02001987,Nairn West,"4582","4492","2013","287323","856034"
S02001988,Inverness East Rural,"5080","4849","1985","279745","849499"
S02001989,Inverness Culloden and Balloch,"4192","4192","1802","272612","846495"
S02001990,Inverness Smithton,"3248","3248","1430","271648","845446"
S02001991,Inverness Westhill,"5884","5839","2406","271106","844756"
S02001992,Inverness Inshes,"4327","4321","1719","268648","843118"
S02001993,Inverness Slackbuie,"2519","2519","988","267126","841594"
S02001994,Inverness Lochardil and Holm Mains,"4942","4910","2186","266204","842317"
S02001995,Inverness Drummond,"3595","3544","1583","267107","843284"
S02001996,Inverness Hilton,"3770","3770","1800","267744","843387"
S02001997,Inverness Drakies,"2516","2516","1026","268166","843953"
S02001998,"Inverness Central, Raigmore and Longman","4378","4198","1974","267402","845286"
S02001999,Inverness Crown and Haugh,"4524","4175","2019","266931","845007"
S02002000,Inverness Ballifeary and Dalneigh,"4663","4598","2155","265559","844917"
S02002001,Inverness Muirtown,"4146","4025","2121","266156","845401"
S02002002,Inverness Merkinch,"3406","3399","1615","265790","846144"
S02002003,Inverness Scorguie,"3143","3026","1457","264725","845655"
S02002004,Inverness Kinmylies and South West,"3255","3182","1448","264346","844829"
S02002005,Inverness West Rural,"6307","6288","2665","252213","845881"
S02002006,Loch Ness,"4524","4489","1974","250717","829157"
S02002007,Lochalsh,"2709","2656","1212","187044","826886"
S02002008,Skye South,"3410","3304","1503","164055","823332"
S02002009,Skye North East,"3445","3349","1555","147917","844191"
S02002010,Skye North West,"3322","3284","1476","140183","850407"
S02002011,Ross and Cromarty South West,"3008","2941","1401","179579","877470"
S02002012,Ross and Cromarty North West,"3226","3131","1448","212717","894149"
S02002013,Ross and Cromarty Central,"3649","3506","1502","248038","857657"
S02002014,Ross and Cromarty East,"3278","3236","1357","260681","866116"
S02002015,Muir of Ord,"3305","3274","1397","252658","850417"
S02002016,Conon,"3524","3511","1451","254582","855654"
S02002017,Dingwall,"5429","5371","2420","254514","859721"
S02002018,Black Isle South,"6314","6262","2693","269855","855037"
S02002019,Black Isle North,"3640","3625","1458","260539","859481"
S02002020,Alness,"5957","5888","2514","265100","869985"
S02002021,Invergordon,"4309","4224","1876","270324","869233"
S02002022,Seaboard,"4459","4457","1959","283259","877815"
S02002023,Tain,"3807","3783","1707","277736","882047"
S02002024,Sutherland South,"6068","5979","2816","273571","889497"
S02002025,Sutherland East,"4290","4270","2037","290486","903714"
S02002026,Caithness South,"2911","2886","1303","324798","935315"
S02002027,Wick South,"3667","3632","1741","336526","950439"
S02002028,Wick North,"3287","3220","1469","336871","951275"
S02002029,Caithness North East,"3773","3767","1601","334590","961352"
S02002030,Caithness North West,"5086","5059","2204","314629","966498"
S02002031,Thurso East,"2900","2895","1507","312226","967993"
S02002032,Thurso West,"4862","4793","2200","310689","968335"
S02002033,Sutherland North and West,"3486","3438","1665","240593","967296"
S02002034,Kilmacolm Central,"2553","2553","1176","235972","670035"
S02002035,"Kilmacolm, Quarriers, Greenock Upper East/Central","3204","3026","1263","234937","669743"
S02002036,Inverkip and Wemyss Bay,"5766","5759","2244","220725","671683"
S02002037,"West Braeside, East Inverkip and West Gourock","3193","3193","1324","222020","676520"
S02002038,Gourock Upper and West Central and Upper Larkfield,"4267","4240","2032","223704","676832"
S02002039,"Gourock Central, Upper East and IRH","4243","4243","2123","224645","676702"
S02002040,"Braeside, Branchton, Lower Larkfield and Ravenscraig","6389","6318","2615","224249","675787"
S02002041,"Lower Bow and Larkfield, Fancy Farm, Mallard Bowl","5024","4985","2290","225669","675872"
S02002042,"Gourock East, Greenock West and Lyle Road","5084","4753","2105","226285","677478"
S02002043,Greenock West and Central,"5921","5872","3042","227133","676469"
S02002044,"Bow Farm, Barrs Cottage, Cowdenknowes and Overton","4616","4372","1991","226353","675385"
S02002045,Greenock Upper Central,"4242","4230","2438","227516","675802"
S02002046,Greenock Town Centre and East Central,"5150","5006","2932","228098","675804"
S02002047,Greenock East,"6225","6202","2801","229327","674671"
S02002048,"Port Glasgow Upper, West and Central","5603","5557","2601","232106","674142"
S02002049,"Port Glasgow Mid, East and Central","4900","4847","2228","233741","673767"
S02002050,Port Glasgow Upper East,"5105","5105","2229","233934","672946"
S02002051,Rural South Midlothian,"2649","2616","1113","328632","662267"
S02002052,Penicuik Southeast,"3914","3898","1843","323431","660051"
S02002053,Penicuik Southwest,"3959","3914","1597","322628","660354"
S02002054,Penicuik East,"2569","2560","1096","324375","660705"
S02002055,Penicuik North,"3568","3500","1406","323474","661123"
S02002056,Pentland,"2323","2226","855","324406","662429"
S02002057,Roslin and Bilston,"3310","3301","1432","327195","663460"
S02002058,Straiton,"2519","2519","1155","327456","665811"
S02002059,Loanhead,"3668","3589","1626","328018","665841"
S02002060,Bonnyrigg South,"4862","4797","1955","329829","664479"
S02002061,Bonnyrigg North,"5692","5521","2491","330723","665281"
S02002062,Newbattle and Dalhousie,"5913","5913","2157","331744","664936"
S02002063,Eskbank,"4581","4365","1833","332256","666260"
S02002064,Shawfair,"3513","3504","1461","330893","669594"
S02002065,Thornybank,"3637","3637","1593","334180","667143"
S02002066,Dalkeith,"2861","2835","1458","333920","667215"
S02002067,Pathhead and Rural East Midlothian,"5287","5284","2203","337175","665114"
S02002068,Easthouses,"3057","3057","1236","334570","665351"
S02002069,Mayfield,"4725","4719","1987","335075","664440"
S02002070,Newtongrange,"4126","4117","1816","333839","664412"
S02002071,North Gorebridge,"2630","2630","1138","333893","662168"
S02002072,Gorebridge and Middleton,"3824","3755","1527","334639","661818"
S02002073,South Speyside and the Cabrach,"4328","4312","1889","326033","842253"
S02002074,North Speyside,"3792","3741","1656","329139","844946"
S02002075,Rural Keith and Strathisla,"3119","3117","1236","343519","852498"
S02002076,Keith and Fife Keith,"4734","4653","2181","343076","850333"
S02002077,"Cullen, Portknockie, Findochty, Drybridge and Berryhillock","5406","5366","2331","348803","868365"
S02002078,Buckie Central East,"3543","3520","1573","343277","865417"
S02002079,Buckie West and Mains of Buckie,"4534","4436","2036","341859","864804"
S02002080,"Mosstodloch, Portgordon and seaward","3675","3674","1595","335971","863972"
S02002081,"Fochabers, Aultmore, Clochan and Ordiquish","2355","2346","1067","334694","858086"
S02002082,"Heldon West, Fogwatt to Inchberry","3030","2967","1194","320800","862003"
S02002083,"Lhanbryde, Urquhart, Pitgavney and seaward","3324","3298","1421","327426","861458"
S02002084,Elgin Cathedral to Ashgrove and Pinefield,"4333","4203","1940","322122","862877"
S02002085,New Elgin East,"3871","3867","1650","322591","861580"
S02002086,New Elgin West,"4079","4075","1750","321856","861395"
S02002087,Elgin Central West,"3235","3207","1473","321035","862475"
S02002088,Elgin Bishopmill East and Ladyhill,"3441","3441","1602","322042","863814"
S02002089,Elgin Bishopmill West and Newfield,"3376","3317","1330","321496","864110"
S02002090,Lossiemouth East and Seatown,"3474","3464","1620","323330","870706"
S02002091,Lossiemouth West,"4231","3640","1467","322821","870383"
S02002092,"Burghead, Roseisle and Laich","5418","4965","2058","314387","869387"
S02002093,"Findhorn, Kinloss and Pluscarden Valley","3410","3189","1328","307567","862478"
S02002094,Forres Central East and seaward,"3721","3695","1917","303941","859135"
S02002095,Forres South West and Mannachie,"5422","5352","2368","302955","858110"
S02002096,"Rafford, Dallas, Dyke to Dava","3444","3358","1380","302776","857523"
S02002097,Arran,"4660","4448","2126","202202","630648"
S02002098,Springside and Rural,"2626","2621","1143","236972","638685"
S02002099,Irvine Tarryholme,"2984","2984","1285","233036","638735"
S02002100,Dreghorn,"3619","3562","1614","235005","638146"
S02002101,Irvine Broomlands,"2908","2908","1196","234280","638761"
S02002102,Irvine Bourtreehill,"2398","2398","998","234585","638933"
S02002103,Irvine Girdle Toll and Staneca,"4312","4312","1954","233872","640072"
S02002104,Irvine Perceton and Lawthorn,"5182","5182","1979","234484","640498"
S02002105,Irvine Castlepark North,"3627","3526","1483","232385","640730"
S02002106,Irvine Castlepark South,"3170","3166","1439","232443","640150"
S02002107,Irvine East,"3086","3086","1472","232846","639591"
S02002108,Irvine Central,"3177","3145","1629","231957","639666"
S02002109,Irvine Fullarton,"3034","2874","1597","231984","638270"
S02002110,Stevenston Ardeer,"2349","2322","1093","227311","640961"
S02002111,Saltcoats Central,"3863","3777","2113","225137","641509"
S02002112,Ardrossan Central,"3170","3111","1783","223341","642582"
S02002113,Ardrossan North West,"3130","3094","1421","222882","643463"
S02002114,Ardrossan North East,"4589","4589","1925","223863","643643"
S02002115,Saltcoats North West,"3742","3731","1572","224444","642020"
S02002116,Saltcoats North East,"5159","5040","2074","224934","642897"
S02002117,Stevenston North West,"2975","2914","1437","226375","642098"
S02002118,Stevenston Hayocks,"4206","4206","1796","227218","642428"
S02002119,Kilwinning Whitehirst Park and Woodside,"5304","5304","2069","229188","643687"
S02002120,Kilwinning Pennyburn,"3013","3013","1250","229176","642954"
S02002121,Kilwinning West and Blacklands,"4348","4231","2014","231062","643266"
S02002122,Kilwinning Central and North,"3846","3816","1756","230337","643607"
S02002123,Dalry East and Rural,"2999","2994","1451","229554","649452"
S02002124,Dalry West,"3152","3131","1333","228555","649164"
S02002125,Fairlie and Rural,"2328","2320","1048","221018","654832"
S02002126,West Kilbride and Seamill,"4783","4759","2132","220353","648164"
S02002127,Largs South,"3776","3645","1865","220764","658987"
S02002128,Largs Central and Cumbrae,"4894","4829","2575","220588","659611"
S02002129,Largs North,"4046","4009","1915","220378","660501"
S02002130,Skelmorlie and Rural,"2942","2939","1288","219602","667190"
S02002131,Kilbirnie North,"3359","3337","1450","231664","655239"
S02002132,Kilbirnie South and Longbar,"4224","4224","2064","231148","653673"
S02002133,Beith West,"3209","3198","1419","234190","653694"
S02002134,Beith East and Rural,"3957","3864","1740","235235","654055"
S02002135,Overtown,"3984","3984","1804","279976","653121"
S02002136,Netherton and Kirkhill,"3537","3450","1546","277995","654437"
S02002137,Muirhouse,"4057","4057","1892","276748","654945"
S02002138,Muirhouse and Knowetop,"6064","6059","2872","276238","655830"
S02002139,Craigneuk Wishaw,"4390","4306","2023","277944","655539"
S02002140,Pather,"3984","3984","1733","279508","654343"
S02002141,Wishaw South,"5080","4954","2323","280090","654617"
S02002142,Wishaw North,"6110","6077","2903","280080","655576"
S02002143,Coltness,"3832","3832","1689","280489","656661"
S02002144,Wishaw East,"2885","2879","1243","280925","655758"
S02002145,Newmains,"5745","5725","2444","282347","656752"
S02002146,Allanton - Newmains Rural,"3399","2804","1142","284893","657760"
S02002147,Shotts,"4481","4439","1960","286930","660286"
S02002148,Stane,"2920","2920","1339","288604","659251"
S02002149,Harthill and Salsburgh,"5392","5388","2446","289701","663995"
S02002150,Cleland,"3756","3717","1473","279805","658161"
S02002151,Newarthill,"3223","3223","1393","278241","659772"
S02002152,Carfin North,"3898","3898","1532","277469","659569"
S02002153,Clydesdale and New Stevenston,"3045","3045","1335","276349","659702"
S02002154,Carfin and Cleekhimin,"5122","5122","2112","276613","658636"
S02002155,Motherwell South,"3818","3814","2293","275257","656548"
S02002156,Ladywell,"4211","4200","1822","274765","656441"
S02002157,Motherwell West,"4068","4068","1733","274257","657453"
S02002158,Motherwell North,"3153","3099","1208","274226","657878"
S02002159,Forgewood,"5037","4965","2309","274758","658513"
S02002160,Holytown,"5254","5254","2195","276321","660116"
S02002161,Milnwood,"5031","5031","2257","274496","659822"
S02002162,Orbiston,"5314","5314","2342","273393","659019"
S02002163,Bellshill South,"4866","4866","2223","272912","659793"
S02002164,Hattonrigg,"2697","2595","1060","273919","661410"
S02002165,Bellshill Central,"3550","3550","1727","273137","660875"
S02002166,Fallside,"4900","4765","2140","270838","661143"
S02002167,Viewpark,"5711","5711","2371","271062","661709"
S02002168,Birkenshaw,"4868","4868","1874","269638","661938"
S02002169,Kirkwood and Bargeddie,"6328","6309","2537","270962","663883"
S02002170,Kirkshaws,"6056","6056","2480","272376","663128"
S02002171,Dundyvan,"6230","6076","2799","272791","663986"
S02002172,Drumpellier and Langloan,"2636","2617","1096","272098","664448"
S02002173,Coatbridge West,"4052","4007","1908","272381","665066"
S02002174,Townhead,"4818","4796","2015","271842","666295"
S02002175,Sunnyside and Cliftonville,"4064","3961","1957","273258","665792"
S02002176,Cliftonville,"3193","3193","1614","274021","664985"
S02002177,Shawhead and Whifflet,"2939","2939","1378","273914","663358"
S02002178,Greenend and Carnbroe,"5640","5572","2243","274612","663526"
S02002179,Calderbank and Brownsburn,"2538","2538","1064","277022","663055"
S02002180,Chapelhall West,"2544","2544","1071","277581","662597"
S02002181,Chapelhall East,"3952","3952","1518","278417","662622"
S02002182,Craigneuk Airdrie,"3797","3784","1439","278359","665074"
S02002183,Petersburn,"4005","4005","1645","277629","664866"
S02002184,Gartlea,"3153","3153","1351","276688","664969"
S02002185,Cairnhill,"4684","4680","1973","276134","664390"
S02002186,Coatdyke and Whinhall,"5485","5472","2445","275389","665040"
S02002187,Thrashbush,"5495","5474","2558","275651","666270"
S02002188,Airdrie North,"5547","5473","2522","276556","666305"
S02002189,Drumgelloch,"4134","4077","1833","277765","665702"
S02002190,Caldercruix and Plains,"5714","5626","2363","281640","667469"
S02002191,Glenmavis and Greengairs,"4602","4602","1856","275762","668041"
S02002192,Gartcosh and Marnock,"5621","5621","2223","271480","668819"
S02002193,Cardowan and Millerston,"4410","4410","1761","266144","667955"
S02002194,Stepps,"2380","2380","1034","265756","668692"
S02002195,Chryston and Muirhead,"4166","4125","1773","268152","669574"
S02002196,Moodiesburn West,"3665","3665","1631","269440","670807"
S02002197,Moodiesburn East,"3626","3626","1425","270052","671230"
S02002198,Westfield,"6234","6234","2405","272945","673662"
S02002199,Condorrat,"4985","4943","2129","274048","673174"
S02002200,Greenfaulds,"4039","4000","1700","275218","673153"
S02002201,Seafar,"3497","3497","1590","275682","673863"
S02002202,Cumbernauld Central,"4738","4738","2233","276323","674537"
S02002203,Kildrum,"4310","4310","2095","276761","674986"
S02002204,Abronhill South,"4120","4119","1805","278352","675321"
S02002205,Abronhill North,"4410","4410","1871","278489","676280"
S02002206,Village and Castlecary,"3546","3470","1724","276298","675874"
S02002207,Carrickstone,"5126","5070","1729","275424","675978"
S02002208,Balloch West,"3595","3595","1378","273907","675226"
S02002209,Balloch East,"2924","2924","1222","273639","674389"
S02002210,Kilsyth East and Croy,"6120","6095","2709","272588","677650"
S02002211,Kilsyth Bogside,"3308","3297","1470","271770","677608"
S02002212,Balmalloch,"3919","3919","1668","271137","678356"
S02002213,"Stromness, Sandwick and Stenness","3146","3089","1464","326095","1009911"
S02002214,West Mainland,"4009","3999","1713","331633","1018752"
S02002215,East Mainland,"3663","3635","1467","350408","1008411"
S02002216,West Kirkwall,"3851","3788","1876","345082","1010186"
S02002217,East Kirkwall,"2500","2498","1201","345447","1010505"
S02002218,Isles,"4180","4142","2004","352728","1020021"
S02002219,"Powmill, Cleish and Scotlandwell","3630","3516","1405","309535","702646"
S02002220,Kinross,"4698","4683","2054","311372","702847"
S02002221,Milnathort and Crook of Devon,"3500","3459","1477","311854","704312"
S02002222,"Muthill, Greenloaning and Gleneagles","3562","3511","1517","289640","708931"
S02002223,Auchterarder,"4069","3968","1793","294291","712467"
S02002224,"Comrie, Gilmerton and St Fillans","3788","3625","1699","277785","721743"
S02002225,Crieff North,"3234","2998","1359","286388","722108"
S02002226,Crieff South,"4134","4097","1925","286424","721453"
S02002227,Aberuthven and Almondbank,"4144","4142","1749","306440","725822"
S02002228,"Glenfarg, Dunning and Rhynd","3982","3572","1498","302108","714422"
S02002229,Bridge of Earn and Abernethy,"4933","4760","2067","313394","717615"
S02002230,Moncrieffe and Friarton,"4366","3806","1707","311171","721943"
S02002231,"Viewlands, Craigie and Wellshill","5780","5745","2702","310523","723319"
S02002232,Burghmuir and Oakbank,"4277","4267","1859","309036","723003"
S02002233,Western Edge,"4205","4101","1694","308660","724170"
S02002234,Letham,"5808","5795","2602","309371","724167"
S02002235,"Hillyland, Tulloch and Inveralmond","5810","5671","2543","309617","725002"
S02002236,North Muirton and Old Scone,"3303","3301","1534","310502","725803"
S02002237,Muirton,"3001","2968","1414","311270","724673"
S02002238,North Inch,"2256","2139","1247","311508","724015"
S02002239,Central and South Inch,"4584","4464","2841","311666","723506"
S02002240,Gannochy and Walnut Grove,"3724","3532","1619","312423","723874"
S02002241,Scone,"4998","4944","2268","313683","726339"
S02002242,"Guildtown, Balbeggie and St Madoes","3894","3689","1563","316973","729559"
S02002243,Errol and Inchture,"3729","3722","1584","326902","725723"
S02002244,"Invergowrie, Longforgan and Abernyte","3790","3630","1630","331225","729847"
S02002245,Coupar Angus and Meigle,"5145","5085","2259","321998","739847"
S02002246,Alyth,"3054","3035","1411","324740","748792"
S02002247,"Blair Atholl, Strathardle and Glenshee","4034","3873","1740","310623","745889"
S02002248,Blairgowrie East (Rattray),"3010","2950","1331","318183","745607"
S02002249,Blairgowrie West,"5533","5415","2575","318028","744430"
S02002250,Stanley and Murthly,"4516","4502","2005","307495","734689"
S02002251,Luncarty and Dunkeld,"5639","5110","2291","302410","730223"
S02002252,Pitlochry,"3716","3415","1681","294466","758196"
S02002253,Rannoch and Aberfeldy,"4806","4649","2134","285605","749192"
S02002254,Lochwinnoch,"2769","2769","1246","235161","659135"
S02002255,Renfrewshire Rural South and Howwood,"3768","3557","1401","239812","660586"
S02002256,Renfrewshire Rural North and Langbank,"3722","3440","1415","240424","665332"
S02002257,Kilbarchan,"3394","3390","1575","240734","662980"
S02002258,Johnstone South West,"5411","5399","2262","241963","661946"
S02002259,Johnstone North West,"3573","3564","1813","241880","662736"
S02002260,Johnstone North East,"3877","3848","1975","243360","663096"
S02002261,Johnstone South East,"4260","4251","2190","243084","662243"
S02002262,Elderslie and Phoenix,"5060","5007","2239","244245","662890"
S02002263,Paisley Ferguslie,"4227","4227","1964","246355","664223"
S02002264,Paisley North West,"3579","3569","2183","246979","663634"
S02002265,Paisley West,"5615","5509","2524","246268","662746"
S02002266,Paisley Foxbar,"4998","4939","2444","245422","661662"
S02002267,Paisley South West,"4850","4795","2069","246675","662204"
S02002268,Paisley Glenburn West,"4184","4042","1702","247187","660965"
S02002269,Paisley Glenburn East,"3470","3469","1548","247899","661646"
S02002270,Paisley South,"3843","3786","1613","248013","662331"
S02002271,Paisley South East,"5791","5629","3250","248353","662486"
S02002272,Paisley Dykebar,"3476","3476","1404","249812","662038"
S02002273,Paisley East,"4111","4045","1956","249337","662946"
S02002274,Paisley Central,"6584","6179","3803","248150","663711"
S02002275,Paisley North East,"5930","5837","3282","249379","664005"
S02002276,Paisley Ralston,"4904","4900","2031","250792","663999"
S02002277,Paisley Gallowhill and Hillington,"5625","5570","2796","249338","665067"
S02002278,Paisley North,"4603","4523","2545","247816","665072"
S02002279,Renfrew West,"6750","6657","3082","249718","667194"
S02002280,Renfrew South,"5128","5065","2470","250376","666372"
S02002281,Renfrew East,"5626","5623","2465","251126","666716"
S02002282,Renfrew North,"4350","4338","2351","250946","667730"
S02002283,Erskine East and Inchinnan,"5893","5851","2204","247802","669515"
S02002284,Erskine Central,"5176","5102","2174","246977","669927"
S02002285,Erskine West,"5820","5820","2421","245809","670987"
S02002286,Bishopton,"4708","4708","1941","243814","671151"
S02002287,Linwood South,"3939","3939","2011","243578","664391"
S02002288,Linwood North,"4652","4652","1951","242859","664757"
S02002289,Houston South,"3294","3294","1322","241795","665887"
S02002290,Houston North,"3102","3102","1204","240756","666036"
S02002291,Bridge of Weir,"4846","4846","2076","239183","665447"
S02002292,Tweeddale West Area,"5615","5523","2284","315756","650936"
S02002293,Peebles North,"4331","4258","2172","324880","640748"
S02002294,Peebles South,"4045","4015","1681","325489","639734"
S02002295,Tweeddale East Area,"5411","5374","2447","333716","636761"
S02002296,Earlston Stow and Clovernfords Area,"4844","4839","2097","357336","638557"
S02002297,Galashiels North,"3730","3676","1827","348309","636528"
S02002298,Galashiels West,"3130","3098","1588","348771","636061"
S02002299,Galashiels South,"3309","3095","1537","349733","635585"
S02002300,Langlee,"2798","2798","1349","351179","635463"
S02002301,Melrose and Tweedbank Area,"5266","5178","2328","353803","634968"
S02002302,Lauder and Area,"2909","2907","1214","353151","647344"
S02002303,Berwickshire Central,"4067","4032","1743","371305","646049"
S02002304,Duns,"2753","2745","1298","378761","653419"
S02002305,Berwickshire East,"3758","3730","1719","386671","663624"
S02002306,Eyemouth,"3546","3512","1618","394061","664294"
S02002307,Chirnside and Area,"4079","4077","1814","386895","656305"
S02002308,Coldstream and Area,"2752","2721","1342","383787","639885"
S02002309,Cheviot East,"4578","4576","2106","373280","633476"
S02002310,Kelso North,"3308","3252","1507","372883","634845"
S02002311,Kelso South,"2331","2308","1227","372746","634207"
S02002312,Cheviot West,"2855","2802","1255","362639","624528"
S02002313,St Boswells and Newtown Area,"3604","3549","1667","359724","631096"
S02002314,Jedburgh,"4030","4000","1915","364950","620491"
S02002315,Denholm and Hermitage,"3923","3841","1780","353530","617013"
S02002316,Burnfoot,"3068","3068","1272","351319","615962"
S02002317,Hawick Central,"4333","4329","2326","350724","614690"
S02002318,Hawick West End,"3372","3271","1638","349489","614030"
S02002319,Hawick North,"3580","3567","1760","350304","615407"
S02002320,Ettrick Yarrow and Liliesleaf Area,"2761","2737","1208","351653","624566"
S02002321,Selkirk,"5784","5711","2779","347046","628833"
S02002322,Shetland South,"3291","3272","1359","442861","1124309"
S02002323,Lerwick South,"3475","3442","1392","445835","1140179"
S02002324,Lerwick North,"4965","4905","2410","447351","1141620"
S02002325,Central Shetland,"3195","3179","1343","440222","1139581"
S02002326,East and West Mainland,"2789","2777","1156","438744","1151224"
S02002327,North Mainland,"2658","2637","1111","435207","1167869"
S02002328,North and East Isles,"2794","2769","1179","450683","1190946"
S02002329,Carrick South,"5501","5407","2390","226996","601350"
S02002330,Girvan Glendoune,"3405","3405","1544","218799","597074"
S02002331,Girvan Ailsa,"3246","3221","1612","218489","597710"
S02002332,Maybole,"4846","4809","2162","229821","610178"
S02002333,Carrick North,"4001","3834","1598","232627","614005"
S02002334,Coylton,"3709","3677","1541","240744","619585"
S02002335,Alloway and Doonfoot,"6075","5956","2577","232948","618560"
S02002336,Castlehill and Kincaidston,"4487","4487","1946","234879","619810"
S02002337,Belmont,"5553","5493","2466","234213","620214"
S02002338,Holmston and Forehill,"5041","5041","2223","235085","620727"
S02002339,Ayr South Harbour and Town Centre,"5359","5035","2785","233620","621622"
S02002340,"Ayr North Harbour, Wallacetown and Newton South","4757","4728","2683","234178","622699"
S02002341,Craigie,"2627","2536","1288","235318","621725"
S02002342,Dalmilling,"2884","2809","1165","236292","622638"
S02002343,"Lochside, Braehead and Whitletts","4211","4206","1942","235382","622862"
S02002344,Newton North,"4247","4232","2075","234742","623825"
S02002345,Heathfield,"4353","4353","1942","235247","624080"
S02002346,Prestwick West,"4145","4097","1916","235010","625697"
S02002347,Prestwick East,"5417","5387","2506","235883","625573"
S02002348,Prestwick Airport and Monkton,"2710","2643","1242","235940","627797"
S02002349,"Annbank, Mossblown and Tarbolton - the Coalfields","5962","5860","2539","240714","624980"
S02002350,"Dundonald, Loans and Symington","5341","5222","2239","236863","634381"
S02002351,Muirhead,"5472","5472","2236","233410","632483"
S02002352,Barassie,"4046","4046","2048","232770","631844"
S02002353,Troon,"5404","5314","2621","232393","631050"
S02002354,Clydesdale South,"2623","2596","1108","293260","623696"
S02002355,"Biggar, Symington, Thankerton and Dolphinton","5552","5467","2429","303718","637801"
S02002356,"Carstairs, Carstairs Junction and Carnwath","4872","4733","2070","296410","646525"
S02002357,"Forth, Braehead and Auchengray","3756","3756","1623","293895","653662"
S02002358,Law,"3737","3737","1572","281974","652426"
S02002359,Carluke West,"2910","2902","1297","284148","650680"
S02002360,Carluke North,"2417","2387","1181","284937","651208"
S02002361,Carluke East,"4103","4074","1727","285757","650134"
S02002362,Carluke South,"3260","3229","1388","284633","650066"
S02002363,"Crossford, Braidwood and Yieldshields","2576","2515","1050","284444","647977"
S02002364,Lanark North West,"2602","2554","1238","287839","644182"
S02002365,Lanark North East,"2366","2366","1133","288883","643917"
S02002366,Lanark South,"3779","3673","1703","288579","643384"
S02002367,Hazelbank and Kirkfieldbank,"3788","3780","1606","285733","643695"
S02002368,"Douglas, Coalburn and Rigside","4613","4486","2054","281242","634921"
S02002369,Lesmahagow,"3780","3735","1653","281678","639588"
S02002370,Kirkmuirhill and Blackwood,"4242","4209","1789","279257","643207"
S02002371,Ashgill and Netherburn,"2784","2684","1143","279048","649928"
S02002372,Merryton and Meadowhill,"3367","3367","1467","276149","651990"
S02002373,"Larkhall Central, Raploch, Millheugh and Burnhead","3823","3777","1783","275954","651011"
S02002374,Hareleeshill,"4126","4126","1900","277062","650576"
S02002375,Strutherhill,"3583","3550","1602","276266","649692"
S02002376,Stonehouse,"5713","5622","2365","275165","646122"
S02002377,Strathaven South,"4649","4590","2058","270002","644360"
S02002378,Strathaven North,"2901","2883","1151","270418","645435"
S02002379,"Chapelton, Glengavel and Sandford","2948","2776","1114","271746","643046"
S02002380,"Glassford, Quarter and Allanton","3018","3002","1224","272468","651295"
S02002381,Eddlewood,"3743","3743","1410","271784","652806"
S02002382,Low Waters,"2751","2694","1376","271858","653994"
S02002383,Silvertonhill,"2878","2878","1339","272134","654562"
S02002384,Hamilton Centre and Low Parks,"4060","3966","2195","272182","655750"
S02002385,Laighstonehall,"3683","3683","1965","271579","654687"
S02002386,Fairhill,"2163","2163","916","270929","654057"
S02002387,Woodhead and Meikle Earnock,"2868","2868","1239","270984","653784"
S02002388,Little Earnock,"6305","6305","2332","270107","654327"
S02002389,Earnock,"3976","3976","1675","269435","654519"
S02002390,Hillhouse,"4141","4141","1863","269177","655447"
S02002391,High Blantyre,"3955","3930","1926","268419","656503"
S02002392,Blantyre South and Wheatlands,"4358","4309","1976","268379","657561"
S02002393,Low Blantyre and Bardykes,"3388","3357","1325","268324","658473"
S02002394,Blantytre North and Coatshill,"3082","3082","1441","268981","657865"
S02002395,Burnbank North,"4896","4862","2184","269595","656532"
S02002396,Burnbank Central and Udston,"4687","4658","2387","270306","655738"
S02002397,Burnbank South and Chantinghall,"3641","3504","1693","270550","655068"
S02002398,Whitehill,"3886","3731","1803","270779","656575"
S02002399,Bothwell South,"3430","3430","1579","270264","658715"
S02002400,Bothwell North,"3085","3066","1295","270350","659493"
S02002401,Uddingston and Gardenside,"5482","5414","2516","269549","660490"
S02002402,"Halfway, Hallside and Drumsagard","5459","5459","2063","266291","659641"
S02002403,Westburn and Newton,"6002","5981","2426","265629","660635"
S02002404,Vicarland and Cairns,"4132","3998","1872","265230","659814"
S02002405,Whitlawburn and Greenlees,"4881","4841","2198","263642","659309"
S02002406,Cambuslang Central,"3834","3834","1703","263818","660576"
S02002407,"Burgh, Eastfield and Silverbank","5876","5876","2635","262814","660886"
S02002408,Farme Cross and Gallowflat North,"3236","3177","1838","261672","661769"
S02002409,Shawfield and Clincarthill,"3738","3479","1966","261209","661524"
S02002410,Burnhill and Bankhead North,"3348","3348","1738","260620","661552"
S02002411,Bankhead South,"3257","3257","1490","260545","660707"
S02002412,Spittal,"2878","2877","1362","261098","660239"
S02002413,High Crosshill,"3412","3378","1476","262519","660377"
S02002414,Burnside and Springhall,"4540","4522","2220","262641","659547"
S02002415,Fernhill and Cathkin,"3993","3993","1832","262649","658885"
S02002416,Nerston and EK Landward Area,"4611","4452","1958","264779","653387"
S02002417,Calderwood East,"3686","3686","1738","265882","655847"
S02002418,Calderwood Central,"3946","3901","2102","265141","655677"
S02002419,Calderwood West and Nerston,"4191","4186","1953","264486","655270"
S02002420,St Leonards North,"4608","4600","2118","265050","654530"
S02002421,St Leonards South,"4716","4716","2108","264476","653958"
S02002422,East Mains,"3061","3021","1510","263826","654929"
S02002423,West Mains,"3013","3013","1388","262679","654427"
S02002424,Stewartfield East,"2829","2829","1048","262657","655341"
S02002425,Stewartfield West,"4127","4102","1592","262171","655210"
S02002426,"Thorntonhall, Jackton and Gardenhall","3767","3767","1345","260003","653658"
S02002427,Hairmyres and Westwood West,"3738","3628","1583","261053","653962"
S02002428,Mossneuk and Newlandsmuir,"2846","2846","1099","260882","652765"
S02002429,Crosshouse and Lindsayfield,"4793","4632","1726","261652","651792"
S02002430,Whitehills West,"4021","3918","1645","262557","652398"
S02002431,Greenhills,"3336","3307","1340","261931","652718"
S02002432,Westwood South,"4392","4392","1976","262226","653255"
S02002433,Westwood East,"3324","3282","1622","262255","653864"
S02002434,The Murray,"3784","3759","1912","263395","653657"
S02002435,"Birniehill, Kelvin and Whitehills East","4109","4108","1743","263796","652959"
S02002436,Blane Valley,"5281","5194","2138","252707","685292"
S02002437,Balfron and Drymen,"4060","4048","1725","254433","688791"
S02002438,Kippen and Fintry,"3169","3163","1299","265044","694630"
S02002439,Cambusbarron,"3642","3639","1518","278146","692753"
S02002440,Plean and Rural SE,"3029","2937","1234","283290","687267"
S02002441,Cowie,"2649","2649","1094","284018","689599"
S02002442,Fallin,"2832","2832","1152","283636","691917"
S02002443,Bannockburn,"3494","3426","1476","281414","690141"
S02002444,Hillpark,"3550","3538","1410","280278","690423"
S02002445,Broomridge,"5541","5518","2606","280331","691305"
S02002446,Borestone,"3751","3745","1654","279206","691410"
S02002447,King's Park and Torbrex,"3784","3693","1769","279448","692118"
S02002448,Braehead,"2458","2420","1148","280080","692537"
S02002449,City Centre,"3938","3627","1812","279456","693814"
S02002450,Raploch,"2895","2841","1362","279018","694867"
S02002451,Cornton,"3397","2808","1097","279530","695583"
S02002452,Causewayhead,"2344","2329","1049","279985","695202"
S02002453,Bridge of Allan and University,"7147","5056","2275","279130","697429"
S02002454,Forth,"2650","2613","1266","280274","694042"
S02002455,Dunblane East,"5089","4762","1866","279095","701926"
S02002456,Dunblane West,"4344","4332","1873","277847","700905"
S02002457,Carse of Stirling,"4218","4149","1729","271298","701786"
S02002458,Callander and Trossachs,"3666","3516","1625","263465","707693"
S02002459,Highland,"3319","3039","1389","255832","720650"
S02002460,Whitecrook,"4485","4442","2175","250708","669690"
S02002461,Singer and Clydebank South,"4641","4430","2403","248783","670889"
S02002462,Drumry,"5682","5682","2586","250546","670652"
S02002463,Clydebank,"4416","4416","2226","249192","671259"
S02002464,Clydebank North,"3722","3719","1770","249631","672353"
S02002465,Clydebank east,"5535","5535","2419","250574","673377"
S02002466,Duntocher,"4567","4522","1933","248833","672972"
S02002467,Dalmuir,"5575","5516","2776","247934","671932"
S02002468,Kilpatrick,"5281","5249","2254","247028","672376"
S02002469,Bowling,"4237","4229","1895","241547","675131"
S02002470,Dumbarton east,"5188","5188","2272","240906","676382"
S02002471,Dumbarton,"6221","6093","3087","240387","675059"
S02002472,Dalreoch,"5715","5651","2641","238261","675811"
S02002473,Leven,"5117","5096","2314","238930","678905"
S02002474,Bonhill,"5798","5789","2542","240127","678957"
S02002475,Alexandria,"3966","3954","1895","239708","680370"
S02002476,Balloch,"6145","6119","2984","238955","681443"
S02002477,Lomond,"4429","4398","1995","239970","681976"
S02002478,Fauldhouse,"4843","4793","2106","293546","660948"
S02002479,Breich Valley,"5021","4505","1904","298363","662133"
S02002480,West Calder and Polbeth,"5505","5454","2417","302221","663155"
S02002481,"Bellsquarry, Adambrae and Kirkton","4686","4654","1692","304760","665629"
S02002482,Bankton and Murieston,"5273","5217","1905","305442","665211"
S02002483,Dedridge East,"5525","5427","2251","306161","666267"
S02002484,Mid Calder and Kirknewton,"5815","5813","2372","307226","666707"
S02002485,East Calder,"4999","4980","2115","308818","666991"
S02002486,Pumpherston and Uphall Station,"2671","2666","1175","306770","669351"
S02002487,Craigshill,"5738","5672","2561","306690","668407"
S02002488,Howden,"4493","4472","1856","305851","667555"
S02002489,Livingston Village and Eliburn South,"5201","5120","2005","303558","667592"
S02002490,Ladywell,"4939","4929","1995","305193","668430"
S02002491,Knightsridge,"5673","5669","2217","304754","669039"
S02002492,Knightsridge and Deans North,"3825","3825","1486","302826","669131"
S02002493,Deans,"2881","2871","1216","302502","668895"
S02002494,Carmondean and Eliburn North,"5848","5848","2385","303552","668488"
S02002495,Seafield,"2134","2134","915","300645","666063"
S02002496,Blackburn,"4743","4738","2215","298217","665765"
S02002497,Blaeberry Hill and East Whitburn,"6107","6027","2631","295613","664666"
S02002498,Whitburn Central,"4918","4918","2304","294103","664606"
S02002499,"Whitburn, Croftmalloch and Greenrigg","2994","2949","1243","294484","664059"
S02002500,Armadale,"5794","5759","2619","293537","668739"
S02002501,Armadale South,"6135","6073","2447","294179","668155"
S02002502,"Bathgate, Wester Inch and Inchcross","3983","3983","1610","298056","667306"
S02002503,Bathgate and Boghall,"4221","4206","1878","299304","668639"
S02002504,Bathgate East,"6330","6268","3063","297640","669140"
S02002505,Bathgate West,"6062","6058","2483","296393","668639"
S02002506,"Blackridge, Westfield and Torphichen","3531","3506","1483","290336","667361"
S02002507,Linlithgow South,"5996","5958","2406","299952","676459"
S02002508,Linlithgow Bridge,"4423","4330","1902","299032","677055"
S02002509,Linlithgow North,"3676","3676","1508","301642","677515"
S02002510,"Winchburgh, Bridgend and Philpstoun","4477","4477","2012","308235","674870"
S02002511,Broxburn Kirkhill,"4204","4164","1780","307023","672478"
S02002512,"Uphall, Dechmont and Ecclesmachan","5873","5630","2485","306035","671775"
S02002513,Broxburn South,"3813","3789","1479","307636","671923"
S02002514,Broxburn East,"2768","2754","1277","308198","672396"
